Krebsart;Alter;Geschlecht;Prävalenzzeitraum;2004;2005;2006;2007;2008;2009;2010;2011;2012;2013;2014;2015;2016;2017;2018;2019
Krebs gesamt (C00-C97 ohne C44);0 - 44;weiblich;1;19.067;19.428;19.345;20.059;20.072;19.832;19.827;19.199;18.851;18.456;17.921;17.759;17.256;17.123;16.789;16.429
Krebs gesamt (C00-C97 ohne C44);0 - 44;männlich;1;12.940;12.837;13.154;13.132;12.718;12.690;12.670;12.131;11.784;11.765;11.476;11.425;10.949;10.762;10.584;10.393
Krebs gesamt (C00-C97 ohne C44);45 - 54;weiblich;1;23.427;23.880;24.902;26.714;28.913;30.055;30.016;30.375;30.842;31.148;31.036;31.066;30.345;29.465;28.992;27.364
Krebs gesamt (C00-C97 ohne C44);45 - 54;männlich;1;17.792;18.135;19.378;20.278;20.731;21.142;21.697;21.579;21.034;21.446;21.423;20.775;20.050;19.764;18.838;17.886
Krebs gesamt (C00-C97 ohne C44);55 - 64;weiblich;1;37.275;36.710;36.622;37.694;41.002;41.119;39.639;40.020;40.219;40.905;40.521;40.988;41.574;41.669;42.078;42.485
Krebs gesamt (C00-C97 ohne C44);55 - 64;männlich;1;49.626;47.713;47.991;48.641;47.778;46.076;46.479;47.186;46.729;45.890;45.931;46.635;47.281;47.948;48.082;48.266
Krebs gesamt (C00-C97 ohne C44);65 - 74;weiblich;1;44.709;46.284;47.935;51.437;54.448;54.867;52.832;51.875;49.980;50.080;48.707;47.785;45.282;46.089;44.563;43.866
Krebs gesamt (C00-C97 ohne C44);65 - 74;männlich;1;70.272;71.487;76.912;81.763;81.841;82.004;79.584;78.060;74.918;71.369;68.629;67.175;65.664;65.487;64.645;65.044
Krebs gesamt (C00-C97 ohne C44);75 und älter;weiblich;1;52.523;54.057;54.650;56.756;56.991;58.103;59.457;59.327;60.277;59.856;61.692;62.906;63.435;64.058;63.404;63.443
Krebs gesamt (C00-C97 ohne C44);75 und älter;männlich;1;45.080;46.960;50.181;54.669;55.762;57.407;60.276;63.157;62.106;62.775;64.945;67.745;68.781;70.858;72.006;73.675
Mundhöhle und Rachen (C00-C14);0 - 44;weiblich;1;238;227;212;257;217;233;205;236;183;205;193;202;203;222;229;220
Mundhöhle und Rachen (C00-C14);0 - 44;männlich;1;606;630;639;651;617;609;580;504;463;429;387;412;380;378;370;370
Mundhöhle und Rachen (C00-C14);45 - 54;weiblich;1;486;481;472;603;550;602;588;662;572;638;586;658;602;612;570;579
Mundhöhle und Rachen (C00-C14);45 - 54;männlich;1;1.742;1.811;1.995;2.193;2.067;2.169;2.096;2.104;1.893;1.935;1.804;1.794;1.664;1.606;1.486;1.366
Mundhöhle und Rachen (C00-C14);55 - 64;weiblich;1;815;696;746;807;800;832;869;968;933;999;1.000;1.082;1.020;1.067;1.092;1.124
Mundhöhle und Rachen (C00-C14);55 - 64;männlich;1;2.503;2.454;2.542;2.640;2.761;2.791;2.704;3.089;2.902;3.018;3.022;3.107;3.030;2.961;2.843;2.829
Mundhöhle und Rachen (C00-C14);65 - 74;weiblich;1;737;679;808;793;851;821;912;902;933;954;947;994;894;947;959;994
Mundhöhle und Rachen (C00-C14);65 - 74;männlich;1;1.820;1.838;2.069;2.101;2.247;2.304;2.217;2.338;2.231;2.222;2.268;2.267;2.301;2.211;2.250;2.173
Mundhöhle und Rachen (C00-C14);75 und älter;weiblich;1;645;648;562;705;736;681;750;893;910;925;874;970;931;1.070;1.022;1.101
Mundhöhle und Rachen (C00-C14);75 und älter;männlich;1;631;716;711;793;795;912;1.098;1.090;1.093;1.173;1.210;1.344;1.406;1.456;1.526;1.629
Speiseröhre (C15);0 - 44;weiblich;1;20;22;23;18;19;20;25;21;20;21;27;19;20;22;23;19
Speiseröhre (C15);0 - 44;männlich;1;98;110;110;102;108;94;117;90;78;79;104;85;79;76;52;54
Speiseröhre (C15);45 - 54;weiblich;1;77;79;80;77;77;93;103;86;118;106;106;109;109;93;101;64
Speiseröhre (C15);45 - 54;männlich;1;474;522;517;489;524;563;571;522;505;584;604;479;495;434;428;398
Speiseröhre (C15);55 - 64;weiblich;1;162;205;172;178;213;201;229;235;228;214;244;261;275;250;281;203
Speiseröhre (C15);55 - 64;männlich;1;1.072;979;1.002;949;1.014;1.029;1.031;1.018;1.023;1.120;1.195;1.193;1.227;1.129;1.152;1.088
Speiseröhre (C15);65 - 74;weiblich;1;215;218;249;229;249;298;316;301;334;295;316;391;369;330;409;284
Speiseröhre (C15);65 - 74;männlich;1;973;959;1.017;1.157;1.149;1.218;1.100;1.140;1.156;1.211;1.364;1.231;1.271;1.190;1.147;1.134
Speiseröhre (C15);75 und älter;weiblich;1;249;261;312;259;298;277;296;304;316;370;335;410;334;365;352;424
Speiseröhre (C15);75 und älter;männlich;1;410;471;549;593;607;587;654;681;828;783;935;972;998;987;998;1.046
Magen (C16);0 - 44;weiblich;1;233;225;230;220;219;224;218;227;205;182;199;178;178;194;176;187
Magen (C16);0 - 44;männlich;1;286;313;302;267;250;267;262;268;218;236;210;228;202;209;193;199
Magen (C16);45 - 54;weiblich;1;372;372;376;385;417;461;477;453;414;398;464;438;425;421;382;371
Magen (C16);45 - 54;männlich;1;617;687;704;651;649;716;795;796;711;779;698;744;737;747;672;648
Magen (C16);55 - 64;weiblich;1;676;686;635;627;603;681;708;721;698;716;712;703;675;765;624;673
Magen (C16);55 - 64;männlich;1;1.504;1.499;1.371;1.351;1.271;1.270;1.284;1.396;1.402;1.358;1.425;1.506;1.461;1.453;1.495;1.443
Magen (C16);65 - 74;weiblich;1;1.208;1.336;1.092;1.223;1.135;1.256;1.370;1.352;1.294;1.298;1.138;1.097;911;1.102;811;1.005
Magen (C16);65 - 74;männlich;1;2.286;2.357;2.272;2.337;2.281;2.440;2.229;2.313;2.065;2.053;2.108;1.988;1.900;1.991;1.886;1.799
Magen (C16);75 und älter;weiblich;1;2.217;2.072;2.203;2.086;2.169;2.124;2.121;1.936;2.167;2.053;2.027;2.131;1.947;1.993;1.686;1.620
Magen (C16);75 und älter;männlich;1;1.849;1.973;1.984;2.077;2.292;2.269;2.365;2.361;2.360;2.423;2.458;2.481;2.252;2.466;2.172;2.154
Dünndarm (C17);0 - 44;weiblich;1;44;42;43;34;42;49;53;68;58;58;47;54;53;44;53;42
Dünndarm (C17);0 - 44;männlich;1;48;44;52;60;57;45;63;60;67;56;57;63;52;60;70;59
Dünndarm (C17);45 - 54;weiblich;1;70;64;73;60;84;89;98;119;104;137;102;132;124;121;112;95
Dünndarm (C17);45 - 54;männlich;1;73;74;88;109;113;99;124;125;131;137;127;146;139;157;156;161
Dünndarm (C17);55 - 64;weiblich;1;123;108;113;117;113;142;159;183;171;225;166;203;176;219;199;177
Dünndarm (C17);55 - 64;männlich;1;151;127;148;173;170;159;197;201;231;250;235;246;239;264;289;314
Dünndarm (C17);65 - 74;weiblich;1;168;152;166;158;175;214;232;262;230;303;216;274;229;240;250;205
Dünndarm (C17);65 - 74;männlich;1;182;173;208;268;247;230;287;309;318;320;289;302;286;333;324;355
Dünndarm (C17);75 und älter;weiblich;1;202;180;201;192;216;254;281;345;317;352;290;390;328;391;379;313
Dünndarm (C17);75 und älter;männlich;1;128;123;146;188;197;197;246;269;325;304;297;365;383;389;421;458
Darm (C18-C20);0 - 44;weiblich;1;929;934;829;982;816;795;789;754;864;770;814;769;754;801;750;733
Darm (C18-C20);0 - 44;männlich;1;985;937;1.010;1.032;957;866;981;809;834;758;825;780;747;753;787;736
Darm (C18-C20);45 - 54;weiblich;1;1.848;1.787;1.738;2.058;2.027;1.944;1.977;1.860;2.057;1.952;1.937;1.896;1.889;2.086;1.947;1.799
Darm (C18-C20);45 - 54;männlich;1;2.396;2.422;2.434;2.755;2.800;2.725;2.754;2.652;2.593;2.566;2.752;2.753;2.574;2.567;2.509;2.475
Darm (C18-C20);55 - 64;weiblich;1;4.648;4.324;4.266;4.185;4.035;3.782;3.619;3.689;3.621;3.688;3.672;3.600;3.619;3.969;3.874;3.734
Darm (C18-C20);55 - 64;männlich;1;7.436;6.911;6.570;6.902;6.870;6.366;6.164;6.340;6.226;5.902;5.962;6.185;6.239;6.123;6.366;6.280
Darm (C18-C20);65 - 74;weiblich;1;7.631;7.702;7.606;7.778;7.490;7.379;6.788;6.757;6.269;6.426;6.239;5.990;5.510;5.767;5.324;4.954
Darm (C18-C20);65 - 74;männlich;1;11.033;10.783;11.064;11.632;12.070;11.624;10.582;10.287;10.204;9.825;8.982;8.622;8.314;8.188;8.293;7.794
Darm (C18-C20);75 und älter;weiblich;1;11.490;11.774;11.571;11.655;11.712;11.756;11.693;11.151;10.855;10.831;10.897;10.932;10.905;10.833;10.875;10.645
Darm (C18-C20);75 und älter;männlich;1;7.848;7.929;8.444;9.086;9.472;9.801;10.175;10.240;9.886;10.255;10.420;10.332;10.093;10.577;10.907;10.673
Anus u. Analkanal (C21);0 - 44;weiblich;1;75;75;78;69;69;88;79;81;82;72;82;74;85;74;75;71
Anus u. Analkanal (C21);0 - 44;männlich;1;49;44;45;54;54;54;60;50;45;54;60;63;45;44;55;57
Anus u. Analkanal (C21);45 - 54;weiblich;1;136;153;143;152;165;205;200;211;220;233;254;217;251;255;242;230
Anus u. Analkanal (C21);45 - 54;männlich;1;79;75;83;103;102;129;122;116;103;141;143;140;137;130;121;146
Anus u. Analkanal (C21);55 - 64;weiblich;1;177;187;177;168;181;216;244;219;254;260;309;287;357;316;354;361
Anus u. Analkanal (C21);55 - 64;männlich;1;108;100;105;128;126;145;132;147;127;161;161;181;170;188;188;238
Anus u. Analkanal (C21);65 - 74;weiblich;1;183;212;196;208;224;254;271;231;239;243;262;273;279;302;285;290
Anus u. Analkanal (C21);65 - 74;männlich;1;103;99;112;138;144;165;161;145;132;152;175;159;156;170;159;204
Anus u. Analkanal (C21);75 und älter;weiblich;1;250;244;268;261;258;318;324;298;333;334;357;337;360;375;372;408
Anus u. Analkanal (C21);75 und älter;männlich;1;76;83;81;110;105;141;130;129;128;152;169;166;178;177;168;231
Leber (C22);0 - 44;weiblich;1;38;50;40;43;47;44;44;60;54;55;54;44;39;51;42;51
Leber (C22);0 - 44;männlich;1;65;66;67;67;67;60;61;70;66;67;64;65;66;64;66;62
Leber (C22);45 - 54;weiblich;1;63;86;75;92;87;95;88;118;104;118;128;114;113;123;104;108
Leber (C22);45 - 54;männlich;1;214;212;236;259;247;261;287;256;254;272;280;274;276;260;250;191
Leber (C22);55 - 64;weiblich;1;149;169;163;183;199;201;203;238;236;282;299;264;264;309;265;315
Leber (C22);55 - 64;männlich;1;599;612;604;710;731;682;729;756;722;850;889;903;901;854;843;735
Leber (C22);65 - 74;weiblich;1;278;313;287;333;348;346;379;421;359;407;439;416;405;439;406;455
Leber (C22);65 - 74;männlich;1;895;971;1.060;1.150;1.181;1.211;1.244;1.225;1.308;1.207;1.352;1.328;1.290;1.194;1.246;1.162
Leber (C22);75 und älter;weiblich;1;430;494;513;515;521;515;566;617;582;677;667;723;781;751;725;799
Leber (C22);75 und älter;männlich;1;624;595;649;792;823;972;985;1.027;1.118;1.106;1.331;1.409;1.408;1.381;1.429;1.387
Gallenblase und Gallenwege (C23-C24);0 - 44;weiblich;1;27;26;26;28;27;28;25;25;21;26;21;22;19;19;18;26
Gallenblase und Gallenwege (C23-C24);0 - 44;männlich;1;38;36;41;39;45;30;35;28;32;33;27;38;24;24;30;22
Gallenblase und Gallenwege (C23-C24);45 - 54;weiblich;1;89;95;92;103;102;105;107;109;91;115;110;106;86;89;79;94
Gallenblase und Gallenwege (C23-C24);45 - 54;männlich;1;100;101;117;110;123;106;112;111;120;124;102;121;116;97;95;106
Gallenblase und Gallenwege (C23-C24);55 - 64;weiblich;1;244;276;203;234;243;248;249;279;260;278;280;256;240;243;227;251
Gallenblase und Gallenwege (C23-C24);55 - 64;männlich;1;251;247;297;294;302;267;235;251;255;300;244;298;310;236;255;324
Gallenblase und Gallenwege (C23-C24);65 - 74;weiblich;1;442;464;472;516;492;546;487;531;455;525;484;415;405;408;345;383
Gallenblase und Gallenwege (C23-C24);65 - 74;männlich;1;415;462;534;481;538;502;481;545;482;552;463;511;465;414;411;411
Gallenblase und Gallenwege (C23-C24);75 und älter;weiblich;1;878;797;939;842;884;902;852;867;854;900;901;934;878;906;756;745
Gallenblase und Gallenwege (C23-C24);75 und älter;männlich;1;375;361;483;439;525;449;515;614;539;624;626;657;664;634;654;646
Bauchspeicheldrüse (C25);0 - 44;weiblich;1;87;89;92;89;79;87;92;91;87;95;89;102;94;82;85;102
Bauchspeicheldrüse (C25);0 - 44;männlich;1;101;99;106;113;105;97;102;108;95;102;103;102;93;84;87;82
Bauchspeicheldrüse (C25);45 - 54;weiblich;1;224;236;247;265;259;300;300;294;318;356;338;361;374;343;342;337
Bauchspeicheldrüse (C25);45 - 54;männlich;1;345;383;367;421;374;448;410;428;470;461;479;489;473;468;474;380
Bauchspeicheldrüse (C25);55 - 64;weiblich;1;607;627;635;681;636;683;651;713;754;829;803;830;966;943;904;973
Bauchspeicheldrüse (C25);55 - 64;männlich;1;875;906;839;977;915;952;968;971;1.076;1.096;1.106;1.132;1.194;1.190;1.217;1.127
Bauchspeicheldrüse (C25);65 - 74;weiblich;1;985;1.052;1.079;1.227;1.148;1.292;1.302;1.338;1.355;1.363;1.339;1.392;1.358;1.345;1.283;1.320
Bauchspeicheldrüse (C25);65 - 74;männlich;1;1.190;1.224;1.339;1.403;1.417;1.522;1.538;1.613;1.545;1.638;1.578;1.662;1.652;1.529;1.508;1.372
Bauchspeicheldrüse (C25);75 und älter;weiblich;1;1.528;1.601;1.650;1.799;1.739;1.825;2.012;1.989;2.099;2.146;2.196;2.385;2.413;2.526;2.425;2.381
Bauchspeicheldrüse (C25);75 und älter;männlich;1;837;869;982;1.023;1.079;1.196;1.324;1.425;1.380;1.535;1.668;1.895;2.057;1.887;1.862;1.842
Kehlkopf (C32);0 - 44;weiblich;1;23;26;25;26;27;25;21;17;15;19;16;15;10;15;11;17
Kehlkopf (C32);0 - 44;männlich;1;125;91;120;123;115;93;91;67;76;51;41;50;49;39;30;42
Kehlkopf (C32);45 - 54;weiblich;1;72;84;98;81;84;86;85;84;85;94;76;88;68;79;71;71
Kehlkopf (C32);45 - 54;männlich;1;498;535;612;513;577;550;503;445;450;407;422;401;388;335;281;264
Kehlkopf (C32);55 - 64;weiblich;1;117;128;168;120;122;142;123;137;147;169;147;176;135;165;163;166
Kehlkopf (C32);55 - 64;männlich;1;1.081;1.033;1.063;894;952;910;941;823;895;850;853;856;854;835;753;765
Kehlkopf (C32);65 - 74;weiblich;1;86;104;146;108;121;131;106;150;139;163;135;147;119;149;158;163
Kehlkopf (C32);65 - 74;männlich;1;1.057;1.075;1.103;1.022;1.026;1.067;1.005;929;974;912;901;838;792;805;800;770
Kehlkopf (C32);75 und älter;weiblich;1;96;88;133;93;92;97;113;93;90;100;93;126;111;109;117;130
Kehlkopf (C32);75 und älter;männlich;1;429;472;533;481;479;471;569;573;472;519;552;543;607;623;550;646
Lunge (C33-C34);0 - 44;weiblich;1;348;372;350;359;369;325;348;345;337;285;335;273;309;314;295;272
Lunge (C33-C34);0 - 44;männlich;1;471;466;473;437;431;432;410;398;309;335;314;359;283;351;285;299
Lunge (C33-C34);45 - 54;weiblich;1;1.318;1.330;1.423;1.491;1.542;1.499;1.571;1.627;1.720;1.690;1.789;1.753;1.676;1.587;1.578;1.355
Lunge (C33-C34);45 - 54;männlich;1;2.016;2.002;2.104;2.086;2.246;2.252;2.336;2.213;2.076;2.105;2.168;2.027;1.902;2.045;1.745;1.545
Lunge (C33-C34);55 - 64;weiblich;1;2.348;2.504;2.621;2.634;2.857;2.843;3.004;3.090;3.285;3.731;3.711;3.985;4.441;4.259;4.273;4.161
Lunge (C33-C34);55 - 64;männlich;1;5.952;5.673;5.674;5.440;5.661;5.194;5.418;5.241;5.431;5.774;5.701;6.013;5.990;6.043;5.799;5.485
Lunge (C33-C34);65 - 74;weiblich;1;2.641;2.728;2.588;3.141;3.150;3.453;3.599;3.789;3.653;3.964;4.170;4.578;4.508;4.879;4.870;4.873
Lunge (C33-C34);65 - 74;männlich;1;7.949;8.097;8.126;8.406;8.142;8.642;8.284;7.985;7.768;7.735;7.790;7.590;7.625;7.742;7.197;7.541
Lunge (C33-C34);75 und älter;weiblich;1;2.145;2.253;2.405;2.678;2.640;2.651;2.758;2.846;3.039;3.203;3.244;3.540;3.747;3.844;3.659;4.148
Lunge (C33-C34);75 und älter;männlich;1;4.369;4.592;4.750;4.931;5.168;5.171;5.483;5.806;5.721;5.915;6.068;6.467;6.338;6.659;6.654;6.567
Malignes Melanom der Haut (C43);0 - 44;weiblich;1;2.383;2.346;2.213;2.447;2.655;2.520;2.828;2.749;2.555;2.566;2.314;2.230;2.232;2.001;1.909;1.727
Malignes Melanom der Haut (C43);0 - 44;männlich;1;1.231;1.209;1.225;1.252;1.407;1.444;1.495;1.497;1.389;1.348;1.273;1.326;1.231;1.107;1.050;1.002
Malignes Melanom der Haut (C43);45 - 54;weiblich;1;1.388;1.224;1.352;1.368;1.661;1.735;1.844;1.966;2.120;2.085;2.058;2.072;2.230;2.083;2.064;1.867
Malignes Melanom der Haut (C43);45 - 54;männlich;1;979;918;1.050;1.129;1.294;1.390;1.389;1.597;1.614;1.668;1.630;1.629;1.601;1.594;1.554;1.497
Malignes Melanom der Haut (C43);55 - 64;weiblich;1;1.513;1.484;1.433;1.485;1.652;1.549;1.581;1.668;1.718;1.753;1.752;1.855;1.964;1.909;1.988;1.938
Malignes Melanom der Haut (C43);55 - 64;männlich;1;1.593;1.784;1.615;1.603;1.914;1.950;1.915;2.114;1.977;1.977;2.046;2.095;2.120;2.229;2.248;2.069
Malignes Melanom der Haut (C43);65 - 74;weiblich;1;1.366;1.236;1.576;1.707;2.085;1.987;2.144;2.113;2.076;2.153;2.026;2.063;1.933;2.058;2.040;1.883
Malignes Melanom der Haut (C43);65 - 74;männlich;1;1.757;2.077;2.231;2.224;3.102;3.165;3.116;3.114;3.176;3.136;3.101;2.990;2.846;2.780;2.613;2.695
Malignes Melanom der Haut (C43);75 und älter;weiblich;1;1.308;1.632;1.351;1.444;1.957;1.950;1.975;2.184;2.275;2.148;2.350;2.363;2.737;2.788;2.790;2.897
Malignes Melanom der Haut (C43);75 und älter;männlich;1;1.131;1.174;1.265;1.530;1.850;2.062;2.225;2.347;2.716;2.752;2.967;3.174;3.296;3.897;3.847;4.106
Mesotheliom (C45);0 - 44;weiblich;1;9;9;10;7;8;6;9;7;6;5;6;6;5;5;6;6
Mesotheliom (C45);0 - 44;männlich;1;13;10;13;10;9;8;6;6;5;7;7;8;5;7;7;5
Mesotheliom (C45);45 - 54;weiblich;1;13;11;17;13;11;15;14;13;15;12;12;15;15;10;11;9
Mesotheliom (C45);45 - 54;männlich;1;34;34;38;46;37;34;38;28;31;35;35;25;32;30;26;26
Mesotheliom (C45);55 - 64;weiblich;1;37;35;38;34;29;40;34;28;29;36;27;35;32;30;27;24
Mesotheliom (C45);55 - 64;männlich;1;195;159;178;171;152;144;133;120;111;107;101;103;79;81;79;61
Mesotheliom (C45);65 - 74;weiblich;1;69;68;84;67;64;69;83;78;79;75;52;76;55;44;52;43
Mesotheliom (C45);65 - 74;männlich;1;281;302;310;374;365;340;333;306;309;312;323;303;230;259;224;195
Mesotheliom (C45);75 und älter;weiblich;1;94;92;119;95;93;108;108;111;104;100;102;124;114;104;118;94
Mesotheliom (C45);75 und älter;männlich;1;254;251;279;301;274;321;359;325;332;354;426;421;435;490;440;472
Weichteilgewebe ohne Mesotheliom (C46-C49);0 - 44;weiblich;1;280;295;290;262;278;280;261;266;239;284;282;250;259;251;252;272
Weichteilgewebe ohne Mesotheliom (C46-C49);0 - 44;männlich;1;354;365;318;318;331;336;362;370;339;417;337;351;321;320;287;334
Weichteilgewebe ohne Mesotheliom (C46-C49);45 - 54;weiblich;1;181;185;196;173;197;209;210;231;200;247;233;259;237;238;231;222
Weichteilgewebe ohne Mesotheliom (C46-C49);45 - 54;männlich;1;192;228;183;170;254;254;263;257;282;343;280;262;274;251;191;218
Weichteilgewebe ohne Mesotheliom (C46-C49);55 - 64;weiblich;1;254;257;248;229;245;298;275;268;274;270;328;318;322;324;358;355
Weichteilgewebe ohne Mesotheliom (C46-C49);55 - 64;männlich;1;288;267;285;232;266;254;317;314;316;392;338;334;360;360;346;357
Weichteilgewebe ohne Mesotheliom (C46-C49);65 - 74;weiblich;1;335;371;358;338;385;468;488;497;388;417;453;417;364;387;408;416
Weichteilgewebe ohne Mesotheliom (C46-C49);65 - 74;männlich;1;437;373;399;421;373;463;425;512;423;513;451;461;458;423;480;483
Weichteilgewebe ohne Mesotheliom (C46-C49);75 und älter;weiblich;1;400;415;437;362;385;389;383;398;469;462;502;506;507;541;583;558
Weichteilgewebe ohne Mesotheliom (C46-C49);75 und älter;männlich;1;333;227;348;290;343;459;425;445;489;546;565;627;638;561;678;763
Brustdrüse (C50);0 - 44;weiblich;1;6.975;7.124;7.309;7.387;7.522;7.579;7.438;7.128;7.059;6.983;6.680;6.535;6.372;6.347;6.390;6.315
Brustdrüse (C50);0 - 44;männlich;1;23;27;23;24;20;25;29;18;26;22;18;20;25;26;23;24
Brustdrüse (C50);45 - 54;weiblich;1;10.539;10.668;11.337;12.136;13.880;14.733;14.271;14.441;14.721;14.989;14.849;14.670;14.354;13.567;13.912;13.260
Brustdrüse (C50);45 - 54;männlich;1;44;46;42;50;42;54;52;47;65;63;68;59;70;57;62;60
Brustdrüse (C50);55 - 64;weiblich;1;14.373;13.820;14.335;14.880;18.440;18.412;16.649;16.428;16.313;15.913;15.619;15.473;15.420;15.114;15.638;16.116
Brustdrüse (C50);55 - 64;männlich;1;103;117;96;116;106;115;132;102;143;119;119;113;126;133;131;138
Brustdrüse (C50);65 - 74;weiblich;1;13.857;14.387;15.697;17.020;20.210;19.772;18.353;17.425;16.633;16.442;15.796;15.096;14.398;14.495;14.136;14.181
Brustdrüse (C50);65 - 74;männlich;1;158;181;159;222;156;212;225;199;229;231;185;175;191;172;185;184
Brustdrüse (C50);75 und älter;weiblich;1;13.578;14.649;14.818;15.766;15.636;16.098;16.026;16.340;16.889;16.355;17.283;17.427;17.607;17.775;18.562;18.477
Brustdrüse (C50);75 und älter;männlich;1;142;172;164;188;144;175;206;227;258;266;264;215;275;265;276;290
Vulva (C51);0 - 44;weiblich;1;179;206;227;210;212;231;255;243;244;218;188;194;207;203;193;181
Vulva (C51);0 - 44;männlich;1;0;0;0;0;0;0;0;0;0;0;0;0;0;0;0;0
Vulva (C51);45 - 54;weiblich;1;209;233;264;290;288;315;353;365;335;351;367;355;362;345;342;304
Vulva (C51);45 - 54;männlich;1;0;0;0;0;0;0;0;0;0;0;0;0;0;0;0;0
Vulva (C51);55 - 64;weiblich;1;304;307;324;397;369;408;448;464;445;483;467;479;445;510;461;498
Vulva (C51);55 - 64;männlich;1;0;0;0;0;0;0;0;0;0;0;0;0;0;0;0;0
Vulva (C51);65 - 74;weiblich;1;470;519;651;617;626;682;766;677;727;725;648;603;610;651;613;616
Vulva (C51);65 - 74;männlich;1;0;0;0;0;0;0;0;0;0;0;0;0;0;0;0;0
Vulva (C51);75 und älter;weiblich;1;862;1.008;1.104;1.078;1.048;1.103;1.228;1.275;1.303;1.200;1.274;1.225;1.263;1.303;1.297;1.361
Vulva (C51);75 und älter;männlich;1;0;0;0;0;0;0;0;0;0;0;0;0;0;0;0;0
Gebärmutterhals (C53);0 - 44;weiblich;1;1.751;1.713;1.853;1.713;1.653;1.649;1.519;1.405;1.442;1.350;1.370;1.347;1.289;1.385;1.337;1.394
Gebärmutterhals (C53);0 - 44;männlich;1;0;0;0;0;0;0;0;0;0;0;0;0;0;0;0;0
Gebärmutterhals (C53);45 - 54;weiblich;1;911;965;1.005;1.074;1.104;1.079;1.023;1.017;1.083;1.033;969;985;885;918;885;880
Gebärmutterhals (C53);45 - 54;männlich;1;0;0;0;0;0;0;0;0;0;0;0;0;0;0;0;0
Gebärmutterhals (C53);55 - 64;weiblich;1;701;673;654;689;689;751;761;749;787;752;749;759;776;810;817;853
Gebärmutterhals (C53);55 - 64;männlich;1;0;0;0;0;0;0;0;0;0;0;0;0;0;0;0;0
Gebärmutterhals (C53);65 - 74;weiblich;1;563;517;542;602;586;586;543;581;534;516;487;470;492;490;538;500
Gebärmutterhals (C53);65 - 74;männlich;1;0;0;0;0;0;0;0;0;0;0;0;0;0;0;0;0
Gebärmutterhals (C53);75 und älter;weiblich;1;672;418;491;560;532;542;507;569;541;469;465;423;454;498;479;477
Gebärmutterhals (C53);75 und älter;männlich;1;0;0;0;0;0;0;0;0;0;0;0;0;0;0;0;0
Gebärmutterkörper (C54-C55);0 - 44;weiblich;1;403;423;398;405;376;404;385;355;354;304;318;303;322;298;311;334
Gebärmutterkörper (C54-C55);0 - 44;männlich;1;0;0;0;0;0;0;0;0;0;0;0;0;0;0;0;0
Gebärmutterkörper (C54-C55);45 - 54;weiblich;1;1.196;1.279;1.239;1.329;1.275;1.338;1.352;1.300;1.330;1.240;1.322;1.310;1.301;1.295;1.271;1.274
Gebärmutterkörper (C54-C55);45 - 54;männlich;1;0;0;0;0;0;0;0;0;0;0;0;0;0;0;0;0
Gebärmutterkörper (C54-C55);55 - 64;weiblich;1;2.812;2.764;2.449;2.733;2.371;2.483;2.419;2.340;2.557;2.470;2.522;2.566;2.599;2.713;2.835;2.933
Gebärmutterkörper (C54-C55);55 - 64;männlich;1;0;0;0;0;0;0;0;0;0;0;0;0;0;0;0;0
Gebärmutterkörper (C54-C55);65 - 74;weiblich;1;3.554;3.620;3.628;3.766;3.680;3.623;3.278;3.214;3.206;2.933;2.884;2.778;2.728;2.597;2.680;2.729
Gebärmutterkörper (C54-C55);65 - 74;männlich;1;0;0;0;0;0;0;0;0;0;0;0;0;0;0;0;0
Gebärmutterkörper (C54-C55);75 und älter;weiblich;1;3.012;3.004;2.953;3.105;2.982;2.882;3.078;3.072;2.986;3.097;3.227;2.792;2.865;3.143;3.085;3.181
Gebärmutterkörper (C54-C55);75 und älter;männlich;1;0;0;0;0;0;0;0;0;0;0;0;0;0;0;0;0
Eierstöcke (C56);0 - 44;weiblich;1;715;649;645;685;644;564;574;564;580;532;470;524;471;479;468;469
Eierstöcke (C56);0 - 44;männlich;1;0;0;0;0;0;0;0;0;0;0;0;0;0;0;0;0
Eierstöcke (C56);45 - 54;weiblich;1;1.032;1.027;1.085;1.039;1.059;966;1.036;1.060;974;1.131;1.019;1.086;992;999;907;852
Eierstöcke (C56);45 - 54;männlich;1;0;0;0;0;0;0;0;0;0;0;0;0;0;0;0;0
Eierstöcke (C56);55 - 64;weiblich;1;1.627;1.653;1.566;1.494;1.490;1.260;1.366;1.390;1.364;1.409;1.329;1.487;1.437;1.401;1.468;1.530
Eierstöcke (C56);55 - 64;männlich;1;0;0;0;0;0;0;0;0;0;0;0;0;0;0;0;0
Eierstöcke (C56);65 - 74;weiblich;1;1.978;1.935;1.838;2.087;1.916;2.005;1.861;1.727;1.754;1.653;1.628;1.655;1.432;1.408;1.389;1.290
Eierstöcke (C56);65 - 74;männlich;1;0;0;0;0;0;0;0;0;0;0;0;0;0;0;0;0
Eierstöcke (C56);75 und älter;weiblich;1;1.630;1.608;1.697;1.576;1.620;1.654;1.563;1.622;1.671;1.533;1.701;1.823;1.732;1.696;1.731;1.736
Eierstöcke (C56);75 und älter;männlich;1;0;0;0;0;0;0;0;0;0;0;0;0;0;0;0;0
Prostata (C61);0 - 44;weiblich;1;0;0;0;0;0;0;0;0;0;0;0;0;0;0;0;0
Prostata (C61);0 - 44;männlich;1;146;132;172;170;150;144;176;163;150;117;108;89;87;77;83;73
Prostata (C61);45 - 54;weiblich;1;0;0;0;0;0;0;0;0;0;0;0;0;0;0;0;0
Prostata (C61);45 - 54;männlich;1;2.506;2.499;2.984;3.180;3.089;3.005;3.253;3.223;3.118;2.915;2.831;2.732;2.671;2.817;2.791;2.812
Prostata (C61);55 - 64;weiblich;1;0;0;0;0;0;0;0;0;0;0;0;0;0;0;0;0
Prostata (C61);55 - 64;männlich;1;15.933;15.084;16.074;16.668;14.888;14.557;14.651;14.385;14.053;12.590;12.327;12.055;12.568;13.444;13.768;14.805
Prostata (C61);65 - 74;weiblich;1;0;0;0;0;0;0;0;0;0;0;0;0;0;0;0;0
Prostata (C61);65 - 74;männlich;1;26.090;26.717;30.416;33.259;31.809;31.148;31.112;30.069;27.625;24.394;22.992;22.491;22.365;23.165;23.482;24.418
Prostata (C61);75 und älter;weiblich;1;0;0;0;0;0;0;0;0;0;0;0;0;0;0;0;0
Prostata (C61);75 und älter;männlich;1;15.504;16.342;17.612;19.576;18.850;18.741;19.457;20.980;19.351;18.548;18.965;19.643;20.732;21.545;22.112;23.632
Hoden (C62);0 - 44;weiblich;1;0;0;0;0;0;0;0;0;0;0;0;0;0;0;0;0
Hoden (C62);0 - 44;männlich;1;3.462;3.353;3.357;3.362;3.117;3.122;2.978;2.866;2.909;3.040;2.906;2.918;2.774;2.783;2.897;2.919
Hoden (C62);45 - 54;weiblich;1;0;0;0;0;0;0;0;0;0;0;0;0;0;0;0;0
Hoden (C62);45 - 54;männlich;1;607;600;622;687;648;813;762;766;789;884;948;804;802;801;738;690
Hoden (C62);55 - 64;weiblich;1;0;0;0;0;0;0;0;0;0;0;0;0;0;0;0;0
Hoden (C62);55 - 64;männlich;1;228;183;205;202;199;204;178;229;269;257;282;285;324;312;355;322
Hoden (C62);65 - 74;weiblich;1;0;0;0;0;0;0;0;0;0;0;0;0;0;0;0;0
Hoden (C62);65 - 74;männlich;1;101;97;110;107;95;111;107;98;94;95;96;100;90;87;105;100
Hoden (C62);75 und älter;weiblich;1;0;0;0;0;0;0;0;0;0;0;0;0;0;0;0;0
Hoden (C62);75 und älter;männlich;1;56;40;46;57;45;58;48;48;74;62;67;63;66;61;64;78
Niere (C64);0 - 44;weiblich;1;276;256;262;284;284;276;273;215;252;208;249;227;227;214;208;186
Niere (C64);0 - 44;männlich;1;508;531;539;513;497;519;453;462;453;433;454;433;407;384;374;363
Niere (C64);45 - 54;weiblich;1;405;466;486;492;508;532;546;512;494;504;512;498;487;459;458;375
Niere (C64);45 - 54;männlich;1;1.086;1.061;1.203;1.073;1.107;1.170;1.206;1.243;1.211;1.201;1.278;1.266;1.127;994;1.071;1.040
Niere (C64);55 - 64;weiblich;1;857;939;902;934;906;941;955;916;894;941;933;923;909;801;991;848
Niere (C64);55 - 64;männlich;1;2.088;2.057;2.098;1.967;1.840;1.920;2.048;2.038;2.090;2.040;2.104;2.102;2.090;2.074;2.102;1.980
Niere (C64);65 - 74;weiblich;1;1.425;1.474;1.529;1.752;1.691;1.803;1.662;1.496;1.565;1.374;1.512;1.336;1.262;1.182;1.224;1.125
Niere (C64);65 - 74;männlich;1;2.407;2.633;2.790;3.212;3.016;3.147;3.008;2.744;2.831;2.867;2.595;2.602;2.469;2.345;2.364;2.326
Niere (C64);75 und älter;weiblich;1;1.669;1.477;1.541;1.818;1.651;1.914;2.018;1.893;1.870;1.851;1.964;1.870;1.950;1.756;1.596;1.593
Niere (C64);75 und älter;männlich;1;1.267;1.510;1.609;1.847;1.863;2.064;2.148;1.992;2.237;2.161;2.266;2.584;2.290;2.208;2.360;2.496
Harnblase (C67);0 - 44;weiblich;1;80;95;72;83;72;74;68;66;67;57;57;61;60;63;45;56
Harnblase (C67);0 - 44;männlich;1;185;171;188;169;170;133;127;119;97;116;125;107;95;115;107;119
Harnblase (C67);45 - 54;weiblich;1;185;243;197;216;205;206;199;191;207;205;222;213;232;215;193;207
Harnblase (C67);45 - 54;männlich;1;719;608;660;701;740;616;695;597;585;636;642;570;531;574;654;577
Harnblase (C67);55 - 64;weiblich;1;508;543;475;519;482;448;440;469;471;478;449;482;520;523;555;580
Harnblase (C67);55 - 64;männlich;1;2.077;1.867;1.932;1.734;1.890;1.677;1.723;1.597;1.607;1.676;1.652;1.822;1.783;1.785;1.968;1.979
Harnblase (C67);65 - 74;weiblich;1;1.004;1.021;1.036;1.102;1.104;1.004;1.009;965;915;981;889;854;850;790;935;836
Harnblase (C67);65 - 74;männlich;1;4.048;3.711;3.856;3.690;3.749;3.707;3.623;3.330;3.349;3.356;3.131;3.161;3.151;2.881;2.993;3.053
Harnblase (C67);75 und älter;weiblich;1;1.949;1.818;1.749;1.938;1.831;1.657;1.961;1.753;1.788;1.826;1.754;1.780;1.829;1.770;1.793;1.892
Harnblase (C67);75 und älter;männlich;1;3.878;3.761;3.703;4.256;4.228;4.294;4.317;4.592;4.650;4.678;4.748;4.850;4.979;4.799;5.301;5.253
Zentrales Nervensystem (C70-C72);0 - 44;weiblich;1;508;450;505;600;527;480;506;458;495;505;520;554;486;460;484;367
Zentrales Nervensystem (C70-C72);0 - 44;männlich;1;718;835;748;642;725;712;766;680;758;622;676;654;635;616;654;594
Zentrales Nervensystem (C70-C72);45 - 54;weiblich;1;278;250;276;319;296;332;317;332;365;381;372;370;349;309;286;292
Zentrales Nervensystem (C70-C72);45 - 54;männlich;1;416;482;438;416;496;479;543;511;549;579;551;504;549;483;504;461
Zentrales Nervensystem (C70-C72);55 - 64;weiblich;1;411;380;395;375;370;432;418;424;418;514;501;465;499;471;388;473
Zentrales Nervensystem (C70-C72);55 - 64;männlich;1;553;548;562;522;593;568;596;603;598;666;629;624;643;710;744;723
Zentrales Nervensystem (C70-C72);65 - 74;weiblich;1;370;451;434;602;471;428;440;408;425;451;451;422;438;438;378;431
Zentrales Nervensystem (C70-C72);65 - 74;männlich;1;530;560;547;583;652;640;623;620;673;592;577;583;587;542;552;464
Zentrales Nervensystem (C70-C72);75 und älter;weiblich;1;320;278;284;335;239;347;321;327;369;322;331;420;321;372;331;340
Zentrales Nervensystem (C70-C72);75 und älter;männlich;1;163;211;220;235;245;265;278;272;312;329;371;312;376;339;404;333
Schilddrüse (C73);0 - 44;weiblich;1;1.277;1.470;1.353;1.597;1.706;1.706;1.652;1.603;1.523;1.487;1.563;1.656;1.575;1.572;1.454;1.456
Schilddrüse (C73);0 - 44;männlich;1;455;423;465;538;480;529;487;547;490;569;479;519;510;522;464;482
Schilddrüse (C73);45 - 54;weiblich;1;739;747;833;984;1.162;1.095;1.084;1.098;1.036;970;1.063;1.092;1.070;1.082;935;893
Schilddrüse (C73);45 - 54;männlich;1;330;324;365;397;411;454;429;447;447;489;467;481;446;448;445;362
Schilddrüse (C73);55 - 64;weiblich;1;717;636;672;709;862;885;883;864;820;810;837;797;829;821;773;693
Schilddrüse (C73);55 - 64;männlich;1;298;325;273;387;414;427;369;408;388;411;371;392;397;403;379;357
Schilddrüse (C73);65 - 74;weiblich;1;490;489;533;606;690;681;594;652;609;531;533;559;533;552;461;410
Schilddrüse (C73);65 - 74;männlich;1;259;279;218;354;328;371;346;304;301;367;313;295;322;260;227;247
Schilddrüse (C73);75 und älter;weiblich;1;296;359;321;332;400;444;434;416;429;424;375;341;395;399;372;299
Schilddrüse (C73);75 und älter;männlich;1;94;121;129;157;152;186;181;188;188;238;190;211;213;184;176;193
Morbus Hodgkin (C81);0 - 44;weiblich;1;502;531;520;530;481;547;498;473;541;540;549;535;495;530;503;550
Morbus Hodgkin (C81);0 - 44;männlich;1;684;614;660;734;637;676;652;641;647;661;643;634;656;635;614;607
Morbus Hodgkin (C81);45 - 54;weiblich;1;66;76;81;77;90;86;95;101;100;99;115;104;97;103;110;107
Morbus Hodgkin (C81);45 - 54;männlich;1;152;153;152;164;166;168;192;191;184;200;186;191;197;193;182;194
Morbus Hodgkin (C81);55 - 64;weiblich;1;65;71;83;65;71;70;83;90;77;78;95;88;92;105;110;110
Morbus Hodgkin (C81);55 - 64;männlich;1;131;128;122;122;133;112;135;142;131;154;152;164;159;182;170;183
Morbus Hodgkin (C81);65 - 74;weiblich;1;78;86;106;81;105;99;111;119;103;109;116;90;107;105;108;113
Morbus Hodgkin (C81);65 - 74;männlich;1;125;155;143;153;124;136;173;123;161;151;126;146;131;163;141;136
Morbus Hodgkin (C81);75 und älter;weiblich;1;90;100;112;95;117;111;109;135;126;135;128;130;141;127;157;160
Morbus Hodgkin (C81);75 und älter;männlich;1;83;96;92;87;100;93;114;121;147;148;136;150;166;143;184;169
Non-Hodgkin-Lymphome (C82-C88);0 - 44;weiblich;1;551;603;575;564;633;515;560;521;510;522;454;520;483;469;493;444
Non-Hodgkin-Lymphome (C82-C88);0 - 44;männlich;1;800;872;865;881;821;929;897;825;813;819;880;786;851;767;741;718
Non-Hodgkin-Lymphome (C82-C88);45 - 54;weiblich;1;595;650;602;687;684;687;716;779;749;770;747;807;795;713;731;655
Non-Hodgkin-Lymphome (C82-C88);45 - 54;männlich;1;751;855;825;893;897;1.002;1.046;1.015;1.001;1.030;1.047;1.104;1.082;1.072;926;886
Non-Hodgkin-Lymphome (C82-C88);55 - 64;weiblich;1;1.119;1.201;1.088;1.203;1.070;1.085;1.202;1.230;1.221;1.311;1.291;1.272;1.334;1.317;1.273;1.296
Non-Hodgkin-Lymphome (C82-C88);55 - 64;männlich;1;1.561;1.605;1.320;1.447;1.509;1.508;1.497;1.627;1.506;1.546;1.571;1.697;1.707;1.725;1.656;1.671
Non-Hodgkin-Lymphome (C82-C88);65 - 74;weiblich;1;1.663;1.822;1.863;1.817;1.844;1.963;2.125;2.055;2.013;2.075;2.007;1.855;1.946;1.896;1.679;1.719
Non-Hodgkin-Lymphome (C82-C88);65 - 74;männlich;1;1.902;2.031;2.103;2.223;2.423;2.500;2.386;2.468;2.435;2.512;2.373;2.511;2.354;2.310;2.154;2.219
Non-Hodgkin-Lymphome (C82-C88);75 und älter;weiblich;1;1.864;2.107;2.096;2.138;2.149;2.226;2.560;2.425;2.501;2.432;2.669;2.669;2.979;2.882;2.864;2.737
Non-Hodgkin-Lymphome (C82-C88);75 und älter;männlich;1;1.281;1.457;1.599;1.636;1.653;1.926;2.146;2.197;2.304;2.434;2.549;2.890;2.905;3.078;2.990;3.012
Multiples Myelom (C90);0 - 44;weiblich;1;62;71;58;66;59;64;76;59;66;59;59;58;51;48;46;56
Multiples Myelom (C90);0 - 44;männlich;1;107;91;94;98;101;88;97;102;92;93;86;80;90;78;65;73
Multiples Myelom (C90);45 - 54;weiblich;1;161;173;164;202;161;177;218;224;225;202;209;227;181;228;205;197
Multiples Myelom (C90);45 - 54;männlich;1;244;233;248;268;262;266;305;332;335;315;332;338;356;323;307;277
Multiples Myelom (C90);55 - 64;weiblich;1;371;399;383;404;377;409;426;474;439;427;480;486;459;475;463;412
Multiples Myelom (C90);55 - 64;männlich;1;614;556;547;585;581;551;612;665;662;618;665;677;754;713;663;676
Multiples Myelom (C90);65 - 74;weiblich;1;642;726;728;768;810;842;837;859;812;804;811;857;728;758;691;586
Multiples Myelom (C90);65 - 74;männlich;1;854;794;895;947;932;1.070;943;1.106;1.063;1.033;1.004;1.128;1.043;971;956;857
Multiples Myelom (C90);75 und älter;weiblich;1;849;776;894;909;993;1.082;973;986;1.087;979;1.138;1.226;1.187;1.208;1.100;1.097
Multiples Myelom (C90);75 und älter;männlich;1;587;622;757;742;903;890;944;993;1.023;1.071;1.084;1.243;1.381;1.235;1.337;1.281
Leukämien (C91-C95);0 - 44;weiblich;1;623;608;623;607;603;586;575;691;552;610;574;520;564;561;541;473
Leukämien (C91-C95);0 - 44;männlich;1;812;791;908;863;851;793;841;777;800;781;760;754;723;764;697;610
Leukämien (C91-C95);45 - 54;weiblich;1;350;375;392;389;431;421;479;504;418;471;487;476;458;423;384;337
Leukämien (C91-C95);45 - 54;männlich;1;516;563;597;612;628;645;633;642;678;716;728;676;658;627;529;517
Leukämien (C91-C95);55 - 64;weiblich;1;717;745;718;660;684;744;669;722;770;785;748;781;799;751;660;603
Leukämien (C91-C95);55 - 64;männlich;1;1.085;1.129;1.147;1.043;1.102;1.066;994;1.115;1.171;1.187;1.246;1.106;1.192;1.146;937;1.071
Leukämien (C91-C95);65 - 74;weiblich;1;1.057;1.179;1.131;1.208;1.220;1.277;1.187;1.298;1.290;1.211;1.265;1.159;1.068;1.037;840;799
Leukämien (C91-C95);65 - 74;männlich;1;1.558;1.662;1.815;1.836;2.009;1.900;1.911;2.026;1.964;1.941;2.020;1.789;1.627;1.635;1.288;1.394
Leukämien (C91-C95);75 und älter;weiblich;1;1.458;1.550;1.460;1.527;1.526;1.585;1.754;1.733;1.752;1.842;1.993;1.927;1.961;1.969;1.680;1.551
Leukämien (C91-C95);75 und älter;männlich;1;1.075;1.179;1.275;1.391;1.469;1.631;1.741;1.882;1.880;1.911;2.094;2.077;2.153;2.273;2.016;1.951
